{"_wandb":{"runtime":1142},"_runtime":1142,"_step":6770,"last_energy":-8.674949645996094,"_timestamp":1.772516320448717e+09}